Run at Mon Jun 16 05:47:01 UTC 2025
Run at Tue Jun 17 05:43:34 UTC 2025
Run at Wed Jun 18 05:43:40 UTC 2025
Run at Thu Jun 19 05:43:00 UTC 2025
Run at Fri Jun 20 05:43:53 UTC 2025
Run at Sat Jun 21 05:39:57 UTC 2025
Run at Sun Jun 22 05:41:22 UTC 2025
Run at Mon Jun 23 05:46:38 UTC 2025
Run at Tue Jun 24 05:45:44 UTC 2025
Run at Wed Jun 25 05:45:38 UTC 2025
Run at Thu Jun 26 05:28:47 UTC 2025
Run at Fri Jun 27 05:28:11 UTC 2025
Run at Sat Jun 28 05:27:21 UTC 2025
Run at Sun Jun 29 05:29:52 UTC 2025
Run at Mon Jun 30 05:30:38 UTC 2025
Run at Tue Jul  1 05:31:23 UTC 2025
Run at Wed Jul  2 05:31:06 UTC 2025
Run at Thu Jul  3 05:31:04 UTC 2025
Run at Fri Jul  4 05:30:42 UTC 2025
Run at Sat Jul  5 05:26:59 UTC 2025
Run at Sun Jul  6 05:27:46 UTC 2025
Run at Mon Jul  7 05:31:43 UTC 2025
Run at Tue Jul  8 05:29:19 UTC 2025
Run at Wed Jul  9 05:32:28 UTC 2025
Run at Thu Jul 10 05:31:27 UTC 2025
Run at Fri Jul 11 05:31:24 UTC 2025
Run at Sat Jul 12 05:28:42 UTC 2025
Run at Sun Jul 13 05:29:12 UTC 2025
Run at Mon Jul 14 05:33:42 UTC 2025
Run at Tue Jul 15 05:32:45 UTC 2025
Run at Wed Jul 16 05:33:56 UTC 2025
Run at Thu Jul 17 05:33:01 UTC 2025
Run at Fri Jul 18 05:33:46 UTC 2025
Run at Sat Jul 19 05:29:47 UTC 2025
Run at Sun Jul 20 05:33:13 UTC 2025
Run at Mon Jul 21 05:35:35 UTC 2025
Run at Tue Jul 22 05:33:17 UTC 2025
Run at Wed Jul 23 05:36:04 UTC 2025
Run at Thu Jul 24 05:33:50 UTC 2025
Run at Fri Jul 25 05:34:58 UTC 2025
Run at Sat Jul 26 05:30:53 UTC 2025
Run at Sun Jul 27 05:33:47 UTC 2025
Run at Mon Jul 28 05:36:35 UTC 2025
Run at Tue Jul 29 05:36:41 UTC 2025
Run at Wed Jul 30 05:37:35 UTC 2025
Run at Thu Jul 31 05:36:15 UTC 2025
Run at Fri Aug  1 05:37:58 UTC 2025
Run at Sat Aug  2 05:31:52 UTC 2025
Run at Sun Aug  3 05:34:36 UTC 2025
Run at Mon Aug  4 05:43:28 UTC 2025
Run at Tue Aug  5 05:37:37 UTC 2025
Run at Wed Aug  6 05:38:34 UTC 2025
Run at Thu Aug  7 05:37:00 UTC 2025
Run at Fri Aug  8 05:36:44 UTC 2025
Run at Sat Aug  9 05:28:01 UTC 2025
Run at Sun Aug 10 05:31:12 UTC 2025
Run at Mon Aug 11 05:35:54 UTC 2025
Run at Tue Aug 12 05:28:10 UTC 2025
Run at Wed Aug 13 05:29:30 UTC 2025
Run at Thu Aug 14 05:29:00 UTC 2025
Run at Fri Aug 15 05:29:00 UTC 2025
Run at Sat Aug 16 05:26:57 UTC 2025
Run at Sun Aug 17 05:28:11 UTC 2025
Run at Mon Aug 18 05:32:30 UTC 2025
Run at Tue Aug 19 05:27:16 UTC 2025
Run at Wed Aug 20 05:27:14 UTC 2025
Run at Thu Aug 21 05:27:15 UTC 2025
Run at Fri Aug 22 05:26:57 UTC 2025
Run at Sat Aug 23 05:24:48 UTC 2025
Run at Sun Aug 24 05:26:19 UTC 2025
Run at Mon Aug 25 05:28:39 UTC 2025
Run at Tue Aug 26 05:27:25 UTC 2025
Run at Wed Aug 27 05:25:45 UTC 2025
Run at Thu Aug 28 05:26:02 UTC 2025
Run at Fri Aug 29 05:25:33 UTC 2025
Run at Sat Aug 30 05:23:53 UTC 2025
Run at Sun Aug 31 05:24:21 UTC 2025
Run at Mon Sep  1 05:27:30 UTC 2025
Run at Tue Sep  2 05:26:46 UTC 2025
Run at Wed Sep  3 05:24:20 UTC 2025
Run at Thu Sep  4 05:24:25 UTC 2025
Run at Fri Sep  5 05:25:28 UTC 2025
Run at Sat Sep  6 05:23:16 UTC 2025
Run at Sun Sep  7 05:23:52 UTC 2025
Run at Mon Sep  8 05:25:47 UTC 2025
Run at Tue Sep  9 05:25:52 UTC 2025
Run at Wed Sep 10 05:24:50 UTC 2025
Run at Thu Sep 11 05:25:29 UTC 2025
Run at Fri Sep 12 05:24:51 UTC 2025
Run at Sat Sep 13 05:22:51 UTC 2025
Run at Sun Sep 14 05:23:33 UTC 2025
Run at Mon Sep 15 05:26:40 UTC 2025
Run at Tue Sep 16 05:25:01 UTC 2025
Run at Wed Sep 17 05:25:17 UTC 2025
Run at Thu Sep 18 05:24:29 UTC 2025
Run at Fri Sep 19 05:24:56 UTC 2025
Run at Sat Sep 20 05:24:28 UTC 2025
Run at Sun Sep 21 05:24:51 UTC 2025
Run at Mon Sep 22 05:26:00 UTC 2025
Run at Tue Sep 23 05:25:35 UTC 2025
Run at Wed Sep 24 05:25:01 UTC 2025
Run at Thu Sep 25 05:25:50 UTC 2025
Run at Fri Sep 26 05:26:00 UTC 2025
Run at Sat Sep 27 05:23:56 UTC 2025
Run at Sun Sep 28 05:24:31 UTC 2025
Run at Mon Sep 29 05:26:35 UTC 2025
Run at Tue Sep 30 05:25:50 UTC 2025
Run at Wed Oct  1 05:26:11 UTC 2025
Run at Thu Oct  2 05:24:52 UTC 2025
Run at Fri Oct  3 05:25:18 UTC 2025
Run at Sat Oct  4 05:23:34 UTC 2025
Run at Sun Oct  5 05:23:31 UTC 2025
Run at Mon Oct  6 05:25:46 UTC 2025
Run at Tue Oct  7 05:25:08 UTC 2025
Run at Wed Oct  8 05:26:05 UTC 2025
Run at Thu Oct  9 05:26:09 UTC 2025
Run at Fri Oct 10 05:26:15 UTC 2025
Run at Sat Oct 11 05:23:44 UTC 2025
Run at Sun Oct 12 05:23:52 UTC 2025
Run at Mon Oct 13 05:26:56 UTC 2025
Run at Tue Oct 14 05:25:26 UTC 2025
Run at Wed Oct 15 05:26:01 UTC 2025
Run at Thu Oct 16 05:25:45 UTC 2025
Run at Fri Oct 17 05:25:41 UTC 2025
Run at Sat Oct 18 05:24:33 UTC 2025
Run at Sun Oct 19 05:25:45 UTC 2025
Run at Mon Oct 20 05:27:27 UTC 2025
Run at Tue Oct 21 05:26:19 UTC 2025
Run at Wed Oct 22 05:27:11 UTC 2025
Run at Thu Oct 23 05:26:40 UTC 2025
Run at Fri Oct 24 05:25:51 UTC 2025
Run at Sat Oct 25 05:25:11 UTC 2025
Run at Sun Oct 26 05:25:23 UTC 2025
Run at Mon Oct 27 05:28:52 UTC 2025
Run at Tue Oct 28 05:27:48 UTC 2025
Run at Wed Oct 29 05:28:33 UTC 2025
Run at Thu Oct 30 05:27:12 UTC 2025
Run at Fri Oct 31 05:27:59 UTC 2025
Run at Sat Nov  1 05:25:21 UTC 2025
Run at Sun Nov  2 05:26:02 UTC 2025
Run at Mon Nov  3 05:28:45 UTC 2025
Run at Tue Nov  4 05:27:39 UTC 2025
Run at Wed Nov  5 05:27:59 UTC 2025
Run at Thu Nov  6 05:28:02 UTC 2025
Run at Fri Nov  7 05:27:38 UTC 2025
Run at Sat Nov  8 05:25:19 UTC 2025
Run at Sun Nov  9 05:25:43 UTC 2025
Run at Mon Nov 10 05:28:37 UTC 2025
Run at Tue Nov 11 05:27:53 UTC 2025
Run at Wed Nov 12 05:28:33 UTC 2025
Run at Thu Nov 13 05:28:45 UTC 2025
Run at Fri Nov 14 05:27:34 UTC 2025
